0.006700706895244131,0.006506318181488229,0.006441779664574128,0.006411974352877894,0.0063960372815700895,0.07949344467940651,0.07981118487786555,0.07991011808519052,0.0799520197971379,0.07997191603785295,0.0,0.0,0.0,0.0,0.0
0.11069948087465402,0.14957482955870732,0.07466550231187448,0.09595966588762733,0.0420331169994185,0.6612262775393084,0.637782857554081,0.6680706926914819,0.7546697032944372,0.8819546002396553,2.0,2.0,2.0,2.0,2.0
0.6618642429946672,0.6927352298766281,0.7591084434384727,0.7743317224088437,0.9206114026808723,0.16445769971983448,0.18342217011103634,0.13324511907457456,0.12439546929392538,0.18287926031518187,3.0,3.0,3.0,3.0,3.0
0.19870037198621476,0.2118662441373551,0.10689075042502484,0.022401730949363804,0.1477535343253718,0.19028552487584638,0.1982320977669102,0.16201084444444505,0.14933564117460393,0.08680527183744956,0.0,0.0,0.0,0.0,0.0
0.16207879616783194,0.15254715358991514,-0.007156909602494252,0.12836647635778775,0.1574834050973309,0.7511837781298677,0.789990866377946,0.7866747128369901,0.8701899576436974,0.9305706473155456,2.0,2.0,2.0,2.0,2.0
0.17127198150591452,0.3540912960820702,0.2025835020168266,0.24002826487131113,0.1382650721228436,0.48771309760770354,0.36069856955019697,0.17518535844033964,0.3305771887076703,0.27623312214183005,0.0,0.0,0.0,0.0,0.0
0.754387130909836,0.6649337503767494,0.8456813231346005,0.8288079097199151,0.7262799371708802,0.9258280623226043,0.9326669773111184,0.8736506485512558,0.9691879875515966,1.0987231950310699,1.0,1.0,1.0,1.0,1.0
0.2801129415515913,0.1437500513001067,0.02931763585795255,0.12437300466820074,0.13677876971491018,1.0392876392314214,0.8868470473883983,0.9329284273149587,0.8958797525661903,0.828754222843319,2.0,2.0,2.0,2.0,2.0
0.21281097106398358,0.17580106910714116,0.1273787358144351,0.1265651599439129,0.11390448428502618,0.32044010420506486,0.2749412094565867,0.18415831930286514,0.3104184532417811,0.17588410740206517,0.0,0.0,0.0,0.0,0.0
0.1971530598568701,0.24800779733106312,0.23647973462558897,0.25152198340771464,0.1589006029602214,0.20194473916325978,0.06567775627136445,0.18644373164397432,0.18114335121239405,0.09767111806127302,0.0,0.0,0.0,0.0,0.0
0.9055962872356829,0.8657502070351851,0.710404805917874,0.847761971097852,0.7916269858000008,0.2586066794057145,0.22581432736836113,0.22736685744332236,0.12065194089753598,0.10012270750770595,3.0,3.0,3.0,3.0,3.0
0.27690385197179773,0.3275140660501971,0.14473247931461336,0.24086347007483971,0.16788837124169237,0.2375908171664599,0.21099811902977234,0.12588489637510308,0.19066469096846747,0.17254032158375082,0.0,0.0,0.0,0.0,0.0
0.07096363086181358,0.15241667057164418,0.1958081365444702,0.04032147666385931,-0.016084827532338017,0.7189908632694292,0.7841785710212814,0.8773699164275383,0.8007845907787773,0.7517674846896578,2.0,2.0,2.0,2.0,2.0
0.12242121609073205,0.08430354215947031,0.12038297566339017,0.23572443487189576,0.09746697327203446,0.5573118850896173,0.39025599676521705,0.34605218436984275,0.3354390258102712,0.21839283704804138,0.0,0.0,0.0,0.0,0.0
0.16939942341114134,0.16788353011388446,0.1550924157623535,0.28415362195568017,0.3048936220625684,0.8952890846673223,0.9291574563188996,1.077922003574247,0.8986529610367725,0.9601471147529202,2.0,2.0,2.0,2.0,2.0
0.7498742104972675,0.6740549306917349,0.7945582722554101,0.7063316917172447,0.881793677798629,0.8443293206361477,1.054800264078517,0.9278446006338892,0.8513666040793808,0.971430836463612,1.0,1.0,1.0,1.0,1.0
0.39159832626668,0.3171131325972227,0.19696589281208265,0.23679372454663455,0.14019024280856662,0.36772228605967483,0.38253519208889414,0.17119327860649838,0.17422766310015686,0.2226541807089375,0.0,0.0,0.0,0.0,0.0
1.005017266778381,1.0363782241624582,1.0033915335878094,0.8063866627728659,0.9574143713084133,0.524472180269459,0.23928720843048523,0.28023566926701904,0.21382513834704067,0.17633517447813585,3.0,3.0,3.0,3.0,3.0
1.0681265216904656,1.1080572948429017,1.0728040043086406,1.0060727256079478,1.0281993735411628,0.715673717033188,0.9069945125067121,0.8378894860528829,0.8293830052087674,0.7937707389141136,1.0,1.0,1.0,1.0,1.0
0.9570958157960057,0.9108923758424907,0.9864841286295801,0.8351353801796306,1.0654531650222276,0.30535553070648846,0.23496388626356918,0.3501232669555354,0.24176786577764767,0.21147545901948786,3.0,3.0,3.0,3.0,3.0
0.52120443740494,0.363727297953474,0.18432536729555107,0.18031300483428953,0.2705630636106995,0.9638726074660823,0.9118372826287792,0.8091999761791561,0.9653046294314719,0.9082208693284464,2.0,2.0,2.0,2.0,2.0
0.7782419715193583,0.8955737614924634,0.9055284889277991,1.0007759948080057,0.9697370489288134,0.3048820379517914,0.32962114307107415,0.18330877295066017,0.34627802870196134,0.2175514315466368,3.0,3.0,3.0,3.0,3.0
0.5583046207165114,0.4227088877694468,0.31113670497092166,0.22442823149442534,0.28271448419141065,0.31809644917756863,0.27052733974174575,0.1626190576489795,0.1635154274802746,0.29909826143562385,0.0,0.0,0.0,0.0,0.0
0.9724912965033427,1.0992509592031663,0.9973007436765083,1.158108865154812,0.8745729413354342,0.8900272700364197,0.9300274001201486,0.8901850860415949,0.7890309513039815,0.7605756658873011,1.0,1.0,1.0,1.0,1.0
1.1089609885769018,1.0022197490617082,1.0319906499940488,1.1315010061016644,1.129521964491243,0.8811042627553192,0.8728297074402697,0.8693402774859119,0.8341741712793865,0.9490256358038421,1.0,1.0,1.0,1.0,1.0
1.1178470396943483,1.0533678583610517,1.1347219065119312,1.0905812048642092,1.1486666036858473,0.36540927788553573,0.24508677636757284,0.22911701004277918,0.1765926737272559,0.043123267337531884,3.0,3.0,3.0,3.0,3.0
1.1336069227743582,1.270163924678343,1.1285399253964883,1.0614530672634495,1.1177602879761712,0.32273544642581375,0.2569016851024803,0.11187922642663345,0.1363092624964167,0.24407730459976865,3.0,3.0,3.0,3.0,3.0
1.2346178043752065,1.1730409651782725,1.0166942516058577,1.174927071537577,1.0350414644528096,0.23684336063543476,0.11662408588613409,0.15782337353617704,0.10547396470566872,0.09725765650659464,3.0,3.0,3.0,3.0,3.0
1.1719463472802476,1.2603201510038413,1.2035096512812564,1.0132169375428808,1.0875469778452451,0.21467771487366577,0.12425653710120661,0.3691011947503179,0.04806273098800584,0.1823076196704769,3.0,3.0,3.0,3.0,3.0
1.211423816718175,1.138355961194934,1.1784005581548247,1.1005534966297454,1.1041134704963833,0.81302871636075,0.9692938747753039,0.9901665175772012,0.8841488497065673,1.0091434754852617,1.0,1.0,1.0,1.0,1.0
0.9945085488077734,0.9331898969016009,1.0218497415509515,1.0936388560411825,0.9600704689126462,0.9555065806024832,0.7721451483857061,0.7933799745365054,0.9172812546836134,0.7507001236144998,1.0,1.0,1.0,1.0,1.0
0.4758145271495663,0.3527294476189804,0.25932728289338985,0.12068804472714835,0.2797592024817209,0.3887370077953278,0.26320047586251705,0.21180668198773966,0.1950597933003907,0.3166621793565123,0.0,0.0,0.0,0.0,0.0
0.40377692877708454,0.27998660869263325,0.3309663456229942,0.2943002040360277,0.16487940564759831,1.0247376307782494,0.8942883218453014,0.8273700771838064,0.8820148853970421,0.9243180485916366,2.0,2.0,2.0,2.0,2.0
0.9348225117474712,0.980373357826512,0.992958883050462,0.9636337065226103,1.0569576001172591,0.3480076261028045,0.2612605505442075,0.11365982288408083,0.29403217210582644,0.2059515558211484,3.0,3.0,3.0,3.0,3.0
1.1245077103989236,0.8471127412269797,1.0523432521464877,0.9688641810923811,1.0026778206736886,0.9691432967439466,0.996090290193276,1.00510335225677,1.0831029980438605,1.0353107359753546,1.0,1.0,1.0,1.0,1.0
0.9916086561386516,1.1048443783876825,1.002786505463301,0.9361103596452915,0.969422342698703,0.9747695384979962,1.0380836626494672,1.1220754391001315,1.0623851422144734,1.214961508803151,1.0,1.0,1.0,1.0,1.0
0.5328472410225311,0.3189166399069032,0.37776646262398744,0.3458350070008002,0.21737251763172585,1.1891831108428814,1.0607685470522923,1.0877376296659564,1.016576168199551,1.175485251798273,2.0,2.0,2.0,2.0,2.0
0.9779556010232908,0.9670997865467382,0.9004185330043558,0.9380925152153893,0.8559318764908108,1.2006973486163228,1.179098697649688,1.0722560972368236,1.1415149443548545,1.0927350297662939,1.0,1.0,1.0,1.0,1.0
0.2761906557321463,0.11532799908432118,0.18511887796071014,0.03095724451375753,0.1560757492831613,1.0894757551638234,1.114976033224772,0.9310197021233995,1.1710061634018207,1.0716241779277071,2.0,2.0,2.0,2.0,2.0
0.2627478486182795,0.20098531832295197,0.22849249008904127,0.07603999559892452,0.1919399884518419,1.155517978522608,1.0057549761922084,0.9487924600885,0.88847616238694,0.8343070800693535,2.0,2.0,2.0,2.0,2.0
0.21670163792166172,0.047320569975433005,0.19958184371495608,0.05270660874670619,-0.0034661449149500645,0.5094492685542049,0.43224080734673903,0.3548711289256982,0.3021735394579499,0.3467119867909274,0.0,0.0,0.0,0.0,0.0
0.25574167955182275,0.035179203332040415,0.14723374842910353,0.14345900454920055,0.13557026805522887,1.0034609336743385,0.9962141293123808,1.057161583212318,1.0664797764658998,1.0061397368500815,2.0,2.0,2.0,2.0,2.0
0.22290302931515055,0.2879952001387388,0.13131518122313934,0.05932021834703194,0.22477271314804748,1.1493917444803592,1.1804897537612236,1.049513336995394,1.0153331068700133,0.9219379480553065,2.0,2.0,2.0,2.0,2.0
0.8004681527848785,0.885295123171964,0.8743296289941318,0.9197142093601265,0.9177501067986074,0.4275409020494962,0.3086637197148746,0.2276974814895981,0.2709230766159532,0.18044435620916827,3.0,3.0,3.0,3.0,3.0
1.0091152044216176,0.8981488746188633,0.9484361096888495,0.8299517549804912,0.9150796128588836,0.38099865088081375,0.23160634649969758,0.2752688826764733,0.20420695397944985,0.21059276645058747,3.0,3.0,3.0,3.0,3.0
0.9469373888558764,0.9663848947072523,0.9237176079496899,0.9446009215532609,0.9683733990512059,0.9374868535222706,0.8741346688738367,0.9641536554676495,1.071037587318586,1.0174436399130615,1.0,1.0,1.0,1.0,1.0
1.082678241225777,1.1465533045169969,1.0133262052344727,0.9994686206130755,1.101053211271283,0.9410046462883138,0.7608855271675493,0.9020565048161553,0.9626716427383073,1.0058677338362574,1.0,1.0,1.0,1.0,1.0
0.8012789669980357,0.8891351891987926,0.8949928837939104,0.9473928527871586,0.9218932563247266,0.44897128559539157,0.370096490266589,0.356505619207263,0.23812619052587508,0.28507837578689366,3.0,3.0,3.0,3.0,3.0
0.35537841620483546,0.4144998659367539,0.3662556350828279,0.17844545162813633,0.2404997158638931,0.9891230657533325,0.9341764562275228,0.9492538213239899,0.9487993171223591,1.0943088405034216,2.0,2.0,2.0,2.0,2.0
1.0676993791396396,0.9721964299023634,1.0641368426479092,0.9703380631517463,1.0151639413567775,1.1501067301806,0.9591663941372571,0.925086414312541,0.9502078830545014,1.0156713450386623,1.0,1.0,1.0,1.0,1.0
0.9421564994435563,0.9881138981374874,0.920585398414013,0.860169088500246,0.9097178109345916,0.3696998327270346,0.2614089910249523,0.07894184973837848,0.26637035448618196,0.22431879416556952,3.0,3.0,3.0,3.0,3.0
0.4845647655057361,0.38405361520376424,0.24158628204107108,0.25189106777271486,0.2791097325253681,0.30686103256914304,0.18809952523170348,0.10637310301693279,0.22038360322466863,0.16843934842205155,0.0,0.0,0.0,0.0,0.0
1.0882358826811847,0.897035951026476,0.871757513988004,0.9828316941521138,0.8738287968484584,0.4004070386214811,0.25812488328532135,0.10290393503058641,0.10570669957982268,0.048771099979965926,3.0,3.0,3.0,3.0,3.0
0.5007951919406737,0.42182886478304604,0.2531003665754106,0.3009459255866671,0.13399831258704964,0.9827532376128616,0.8835365761081693,0.8583955020393973,1.0051635943800814,0.8880661699481022,2.0,2.0,2.0,2.0,2.0
0.9555693283169504,0.9913582042285917,0.979150003120885,0.9573426676547602,0.9618465312849667,0.9579855559334893,0.986492605167007,0.8806675966733855,1.0702175053914216,1.043258144708876,1.0,1.0,1.0,1.0,1.0
0.45897330675620474,0.3704651691147807,0.38115319389244307,0.21877875219617665,0.25030946536891324,1.0238976087322056,1.1109374286137588,0.96760095993179,1.0082248930344475,1.174843900653047,2.0,2.0,2.0,2.0,2.0
1.1314762139756953,0.913449313336422,0.8914834360717431,0.981937542746545,1.1555172229625326,0.8592841737739997,0.8026402926315824,0.9746039177574605,0.862510374899702,0.8983278009170693,1.0,1.0,1.0,1.0,1.0
1.0209083672023878,0.9590889637770916,0.888596643022393,1.0760711384004187,0.9940810115802765,0.5170423414932913,0.1627118576653015,0.33604701450518015,0.1892115034436386,0.298470639523723,3.0,3.0,3.0,3.0,3.0
0.3432793159477771,0.24663673759188096,0.25649384943663345,0.01971996317169128,0.24087291190799198,1.0100954644700737,0.882585506837017,0.9103285693336307,0.9096304091231209,1.0189651349268762,2.0,2.0,2.0,2.0,2.0
0.33213849566644194,0.2676115754374076,0.05493787663189023,0.06818841444477843,0.044004577708387504,0.4198360233904149,0.15973301495702577,0.14995458889426078,0.07969969571250275,0.23359037431266746,0.0,0.0,0.0,0.0,0.0
0.09267350566067341,0.23462415605833367,0.08770359807441755,0.09893640227623107,0.019007087136525866,0.14903553094031263,0.21417419533715412,0.25264592369718714,0.21463270089692546,0.11369020403331308,0.0,0.0,0.0,0.0,0.0
0.10051458298183656,0.10408297152038735,0.12463792716097982,0.1174490707920916,-0.0423622219021169,0.11642838412389304,-0.004399387503063984,0.009256430027612145,0.14725927666561323,0.011581939079137862,0.0,0.0,0.0,0.0,0.0
0.2477037505621536,0.04634949810981975,0.1912025647731298,-0.08495666770612764,0.0445202480438044,0.11381362037275924,0.058961296096353935,0.20344569321476713,0.1271181925101882,0.03056742626491539,0.0,0.0,0.0,0.0,0.0
0.13983512330392905,0.055388064331975045,0.08500932364172416,0.17455213748087436,0.07834735979454854,0.1444457533631269,0.17901032436907394,0.050475285459635776,0.16891656150270085,0.042124746235567,0.0,0.0,0.0,0.0,0.0
0.13094837368718604,0.16621300338816422,-0.006278125563581205,-0.029579476904751476,0.08101178750247645,0.2323085614885045,0.17182537486772467,0.11975037216659368,0.19944242964124825,0.21698504438654587,0.0,0.0,0.0,0.0,0.0
0.2415365461259833,0.22491420620198535,0.24967863607451918,0.11562217023903144,0.1856427021435356,0.7155200640012752,0.9169106680014261,0.6459325203094778,0.6792473839948954,0.8616362477782828,2.0,2.0,2.0,2.0,2.0
0.8269887603324517,0.8532589968386184,0.8682723727216453,1.0090423042784817,0.8334340508521293,0.1921697897866197,0.23565684371786438,0.20302209152524048,0.10779181508428409,0.12416147058377379,3.0,3.0,3.0,3.0,3.0
0.7775000431520415,0.8265268104179317,0.8855506651247507,0.8393153583300961,0.8723481473874346,0.18932862994880473,0.2792390273121409,0.33114048834863413,0.21278476267820476,0.22814293588307455,3.0,3.0,3.0,3.0,3.0
0.20521894843154265,0.26830732061439144,0.2561802696613251,0.367091243724074,0.24773418700248825,0.8635595525446953,0.9938064213916822,1.0210175891303386,0.7933726218420345,0.9622808393073572,2.0,2.0,2.0,2.0,2.0
0.9663789903478844,1.0075967297997732,1.090712927753975,0.9519945524455884,1.0700856040721312,0.8107142390452204,0.8695903990747026,0.7843720879058826,0.8966882682351504,0.8509529043137423,1.0,1.0,1.0,1.0,1.0
1.2103085010567458,1.046799802164149,1.1086600772634827,1.1952365627134487,1.0642600034013578,0.280649375511918,0.24524307602657297,0.15329345803219668,0.14435235102654628,0.18182024324346113,3.0,3.0,3.0,3.0,3.0
1.081314284732367,0.9359383453664297,1.1076023996448763,0.9879216350552881,0.8972879699964329,0.17894302087447989,0.13996790049108004,0.0803569208495431,0.16425969221331577,0.09353472028694311,3.0,3.0,3.0,3.0,3.0
0.9947864607567016,1.0756889882628387,1.033669707117418,1.013373460290697,0.8772240333548086,0.24225839014652217,0.17391357282547387,0.29253102166747413,0.1712822731874887,0.18791254439074398,3.0,3.0,3.0,3.0,3.0
0.4347965303369261,0.2478145118068782,0.38485877915492694,0.376418552222417,0.28226758961589615,0.9132464650877732,0.8910821955632197,0.8666006171983337,0.9247774363909266,0.9051515358737808,2.0,2.0,2.0,2.0,2.0
0.9947844209480415,0.9548026598059076,1.1295445234380659,0.986534894543163,0.892528638499974,1.0149566256554665,1.0241751210617949,0.9879365803458909,0.9715780932438712,1.0583417262491974,1.0,1.0,1.0,1.0,1.0
0.4937823690201823,0.2992976982442623,0.28150140515556016,0.19192704490639728,0.1923041678115733,1.0271458645342468,0.8672567756692507,1.0536720241803006,1.00336575836321,1.07068057750817,2.0,2.0,2.0,2.0,2.0
0.8948736048491426,0.8666256586924007,1.1283988212467346,0.8298243059135674,0.9135107320776491,0.9083337250737169,1.0001210036188428,0.8419487108148539,0.9272389746390726,0.9190629980009617,1.0,1.0,1.0,1.0,1.0
1.1782046813574087,1.0856610373269098,1.1560283323813751,1.0203079066383536,1.221688915881824,0.1938079028328197,0.35287842406827347,0.1852476656262706,0.20918036752244587,0.08844394440348594,3.0,3.0,3.0,3.0,3.0
1.0753176712880133,0.9576848647765384,0.9249700509777165,1.0335630831829232,0.9442595814255754,0.2127680230945824,0.06135379996221288,0.06724619904894778,0.13437305795083962,0.09758842280225997,3.0,3.0,3.0,3.0,3.0
0.422637165891821,0.40385837724548057,0.28754209331059344,0.23683538045545283,0.2138627737803657,0.3369122572869406,0.32203293880371275,0.17410639167378555,0.22296979415983564,0.22613171211385316,0.0,0.0,0.0,0.0,0.0
0.8570345568368469,0.8831821083476818,0.9178756913304961,0.9396047069226054,1.0342766549083793,0.9420127755175305,0.9262462729692855,1.0134201579778528,0.992032884743812,0.9860074456953278,1.0,1.0,1.0,1.0,1.0
0.3471104133575879,0.4095059370857148,0.20340919196141427,0.25831150867938146,0.31518602815516805,0.9163714233269714,0.7795593511022161,0.812229039495235,0.8971537787209579,0.9004607977077478,2.0,2.0,2.0,2.0,2.0
0.8328513145146641,0.9710548525399909,0.8678970899256969,0.8970449364323926,0.9412706897825959,0.37278626920731633,0.3749249680680744,0.17356824504846008,0.1787052505469951,0.35738784888884184,3.0,3.0,3.0,3.0,3.0
0.4969807714302453,0.32528689239330516,0.3428987883290682,0.30775297723222644,0.2988699556534917,0.8674796832973264,0.9099326832333064,0.9045492397534789,0.8449197292362695,0.9062191926187592,2.0,2.0,2.0,2.0,2.0
1.0010297033233395,0.7972717956258266,1.0095002178738803,0.9435701717050446,0.9807324364191188,0.6074890957308225,0.37858532342541296,0.3809267263903346,0.21752369196859286,0.17679708360620722,3.0,3.0,3.0,3.0,3.0
0.29606724020511577,0.2294031399809808,0.2225557809820379,0.1805232152093295,0.18534990662893996,0.9757041863045933,1.03765126090361,1.0557947694466936,1.01686704245082,1.0836481629677936,2.0,2.0,2.0,2.0,2.0
0.34755923484593415,0.2771652033783923,0.2015037647756435,0.19523440950452162,0.23795839763297497,1.0376200518773497,1.0592495626785383,0.9227074686110146,0.9226101001777496,0.920532043607672,2.0,2.0,2.0,2.0,2.0
0.87849969212872,0.8946440905181221,0.9103507091540708,0.7537484915731519,0.7745728174927584,0.5484875632256148,0.3481797814863348,0.28001205733361,0.09524991104848074,0.2501439793101256,3.0,3.0,3.0,3.0,3.0
0.3537581442696564,0.18874954458424134,0.39495359244257966,0.2233779976141446,0.18149397671046247,0.8841111938589895,0.9045708497535708,0.8723415059214296,1.0009890651509896,0.8154490794007039,2.0,2.0,2.0,2.0,2.0
1.0068140010351647,0.9466474503631276,1.0216746769838516,1.0213120919912586,0.9654283450136822,0.3057964393936112,0.31445447532038184,0.11820479578586958,0.1020090192708431,0.11275941215959404,3.0,3.0,3.0,3.0,3.0
1.0627113720812975,1.019926333189079,1.0999220197048265,0.948329638063664,0.9100680328874985,0.26093735366382675,0.3796734492323056,0.2935790490077699,0.2226699242598708,0.2111383246210239,3.0,3.0,3.0,3.0,3.0
1.175704296883229,0.9973533679428872,1.0194034323627534,1.1192393426321667,1.0777823006610376,0.9984126346437077,0.962344930307148,0.8812532001789644,1.0015052204522739,1.0384850764118263,1.0,1.0,1.0,1.0,1.0
1.2962842403319723,1.1112453340824557,1.047709695026356,1.153570949030843,1.0910386089251085,0.7471511824578602,0.9583188597324394,0.9093640111572935,1.1014442459763318,0.894519972945491,1.0,1.0,1.0,1.0,1.0
1.1908688887603607,1.2136276894939413,1.042534949486841,1.0976847142631383,1.1296923204981857,0.3581983816911792,0.4384442358666324,0.26517056507842995,0.23208980406829485,0.23683640131928577,3.0,3.0,3.0,3.0,3.0
1.1438846344305598,1.1647052969078486,1.1287861622175694,1.0453980327709727,0.9721608985747181,0.9434054848855419,0.8809634214171443,0.877089756010969,0.8817834730289997,0.8997535059490975,1.0,1.0,1.0,1.0,1.0
1.290321157948835,1.1346808977746303,1.1568980559915996,1.0088327713459306,1.1817909006687393,0.29781437903600083,0.22523183763413382,0.2463711866376574,0.17180826649117314,0.13644528546174067,3.0,3.0,3.0,3.0,3.0
1.2662681323809315,1.0514785964782805,1.1530740644260205,1.0611553343801052,1.0433852002372177,0.16262138729839298,0.11632705511865313,0.12087569762137364,0.1775783852706745,0.12363194451699053,3.0,3.0,3.0,3.0,3.0
1.1076719758788132,1.1460975672393852,1.1545621598632847,1.0467444469018479,1.0440396811996964,0.34933217342671796,0.14009143435084784,0.0272219866401181,0.1846082928083161,-0.02361886060983104,3.0,3.0,3.0,3.0,3.0
1.1630778132853994,1.1159938802046099,1.0495248940144217,1.2398781713596696,1.0897578686034077,0.24824886716671057,0.20963691802698364,0.247082470130931,0.07661734907669177,0.18248084726723274,3.0,3.0,3.0,3.0,3.0
1.1214598157384283,1.034840633881842,1.1301306690775088,0.9510050013011851,0.8837638578616083,0.5781896583680661,0.8295640399236366,0.779855642614693,0.8241545086355818,0.7140867508484248,1.0,1.0,1.0,1.0,1.0
0.4091488987177402,0.1790681768726493,0.14630371431260775,0.3070294816904233,0.04352375357269994,0.27912583236978417,0.29725974976267827,0.18129799372622943,0.20517466143104715,0.05121029689556983,0.0,0.0,0.0,0.0,0.0
0.41502598389369816,0.2932782079520901,0.26990492949590006,0.16850920128334992,0.18866311791308857,0.12583520811434012,0.23993095368522244,0.21363693875387207,0.11991330566502345,0.08048056616323196,0.0,0.0,0.0,0.0,0.0
0.9982850475765861,0.9391900933944962,1.1569556118010602,1.0467049530921773,1.0137491784253783,0.26252464136528136,0.3095119481426615,0.13200178074470675,0.1066484981184379,0.17989338650055614,3.0,3.0,3.0,3.0,3.0
1.0452729452942056,0.9562681284186886,1.0613962209018326,1.0302220841490595,0.9492678852177878,0.7111929218325792,0.8915897048370377,0.7968240352292465,0.7857851303063811,0.8600316250480645,1.0,1.0,1.0,1.0,1.0
1.0667781996397006,1.1259093906811257,1.1020006136797569,0.9578219337299787,0.9800792465259212,0.2859875322260423,0.11756595598992947,0.18889451446939506,0.1130711374546495,0.24018853564733347,3.0,3.0,3.0,3.0,3.0
1.1762788559804438,1.1407760961728288,1.0715011731757438,1.1220238643131684,1.1772531302334959,0.36017820153446156,0.2038265654333209,0.19214128184715237,0.1352191502890038,0.2096664136346825,3.0,3.0,3.0,3.0,3.0
1.223581407776873,1.1250105010898235,1.1417049397092438,0.9008126148093597,0.9322047095630579,0.8431646822009035,0.9858605097197038,0.8621895285745914,0.9307016822944894,1.041609220463814,1.0,1.0,1.0,1.0,1.0
1.1041428191712723,1.0938668681935326,0.9829065135922398,1.0070684803365397,1.1572410179537103,0.9704103714815653,1.0054718643289307,0.9899972556872036,1.0006302489662573,0.9698573096490887,1.0,1.0,1.0,1.0,1.0
1.2421105113564122,1.1544940861914195,1.0752472648362144,1.1194750568558816,1.1678776634709276,1.01028205856573,1.0996761175757745,1.0210210763816232,0.9942684582436901,1.040919640485175,1.0,1.0,1.0,1.0,1.0
1.1101986737156126,0.9074767127434934,1.0060707764945844,0.8678993134477445,0.882826825683574,0.9106760262949513,0.9493563478287289,0.8850917044816603,0.972724647206528,0.9100481104382813,1.0,1.0,1.0,1.0,1.0
0.521945072967118,0.3142906633433633,0.23666161374483688,0.2190573684220967,0.357783459568665,0.5403533622888969,0.34363449160973525,0.28047955365465105,0.169540697480975,0.3958749625891261,0.0,0.0,0.0,0.0,0.0
0.9431944013999056,1.140748510489748,0.9391176551244526,0.8788911525711902,0.9248848925601479,0.8910525382446117,0.9294901817038953,0.7731981051600672,0.9310247147749321,0.9098614541444117,1.0,1.0,1.0,1.0,1.0
0.3534195168030688,0.3201217880892641,0.3290252602713515,0.45435334958068024,0.34371616519733744,0.19422549791136962,0.17649938343626118,0.1511816266898796,0.09177645322982632,0.1516645180435955,0.0,0.0,0.0,0.0,0.0
0.9958928317651884,0.9665026560343911,1.06168667049469,1.1208600229845183,0.980119532368227,0.1695424074163025,0.09468454207634996,0.1531606590329443,0.22819630940009475,0.17692892406984007,3.0,3.0,3.0,3.0,3.0
0.998160583874265,1.1012527365526386,0.926309298246457,1.0056936491028372,1.0346042491062997,0.1095484513153692,0.1548797138602337,0.24682704823978016,0.2047362900797712,0.20173638620243145,3.0,3.0,3.0,3.0,3.0
0.3330485004245183,0.4625981716877029,0.3800237615679014,0.29422696394963505,0.4391007495038211,0.6710471640543159,0.9972856497500469,0.8713358829601906,0.9152647780620707,0.9254520699101025,2.0,2.0,2.0,2.0,2.0
0.9346581057478787,0.7627111519848436,0.8095411393661153,0.9296124007921158,0.9433495661495843,0.8377177103621392,0.8792740719215674,0.7073456466396587,0.8957076989195791,0.9259497152646302,1.0,1.0,1.0,1.0,1.0
0.5318920207653655,0.2758241489777325,0.37232693736729616,0.21061290142986713,0.2963677195444437,0.34849668248968757,0.2507884701787043,0.23874650456899665,0.20310084681510715,0.21009606377890933,0.0,0.0,0.0,0.0,0.0
1.110208140496133,0.9476617804481007,1.0411084399115043,1.0724022649405363,0.9790279233276393,0.9141688895175596,0.9037176609994908,0.8615496548000299,0.8600385703081403,0.9502648308195953,1.0,1.0,1.0,1.0,1.0
1.0631425171489426,0.8961846228260629,0.8400835334195265,0.9095398706898463,1.0959529957214562,1.0742847867196312,1.0128360329929897,1.0698090624785754,0.9419068598266068,1.0615929906077792,1.0,1.0,1.0,1.0,1.0
0.5517664621545402,0.3456080259792219,0.2081543622882234,0.22370466462473398,0.15933498749614103,1.1695846419964933,1.1877128232773109,1.0859814326763713,1.0833354309144934,1.0941359233943273,2.0,2.0,2.0,2.0,2.0
0.972014433959434,0.9256069814541934,0.9617145108961096,0.8031326329132475,0.9729044946254078,1.207212946065566,1.1115284035870676,1.176261525832713,1.005400842805895,1.0628530601833015,1.0,1.0,1.0,1.0,1.0
0.4136180784886689,0.3649605203585818,0.25248041656691417,0.24822455216757594,0.2672952575654966,0.9114934242338698,1.069370841754959,1.0021846449456686,1.0398372536770815,0.9287204291342416,2.0,2.0,2.0,2.0,2.0
0.9677336159736725,0.8682956424140683,0.820569966655414,0.931487101881032,0.7908527367393517,0.41480787520847057,0.15477559945499736,0.2922099282463575,0.2077931665797858,0.03597505453748842,3.0,3.0,3.0,3.0,3.0
0.25796635183106276,0.07024412083975315,0.20819875793315545,0.12653865079162857,0.1324791370976971,0.30893558874402666,0.32653271101853265,0.2152151651407297,0.2621583002994234,0.24886082658364753,0.0,0.0,0.0,0.0,0.0
0.4228604324659533,0.22504902506761282,0.17730406464330598,0.08884392685959983,0.051399568820826,0.7444077547774665,0.9294262785152346,0.9410634325121096,0.7823516547841587,0.7917784229041878,2.0,2.0,2.0,2.0,2.0
0.8652751363367481,1.0368897641887271,0.9238591190641604,1.069404009634951,0.8979764337634523,0.37978862667408664,0.31885104480809395,0.3895195280104494,0.08372212680629129,0.13538185398441827,3.0,3.0,3.0,3.0,3.0
0.9212335379418105,0.9403285550543488,0.9915987306714784,0.8776428260296644,0.8646718777660828,0.36292886659363166,0.22981545525442082,0.2604922864957101,0.17889742983753124,0.25860653892249014,3.0,3.0,3.0,3.0,3.0
0.49880679308602194,0.23399875054168418,0.24891031454025772,0.27122522528552084,0.19170289143054176,0.880804488114788,0.9630701225725729,0.9947012603516322,0.8966083792341613,0.8275883600088205,2.0,2.0,2.0,2.0,2.0
0.9906069210410169,0.9721758178297624,0.9808159849080537,0.7702816530262321,0.8611085070762565,0.9124551762401093,0.8636703901492724,1.093759375223419,0.8709600782214894,0.8259083514583379,1.0,1.0,1.0,1.0,1.0
1.141156381569887,1.0297586848853242,1.0338102802885694,0.9992586078399496,1.1102226173443845,0.5645379783675966,0.19307447902795194,0.27630123087152025,0.36136986974384655,0.23648830467519522,3.0,3.0,3.0,3.0,3.0
0.998847451530608,1.105749222418591,1.007233743964278,0.921179029670457,0.9745382612733953,1.0596062467729066,0.9868318143826258,1.1510230016628658,1.1150008792228723,0.9078096480381208,1.0,1.0,1.0,1.0,1.0
0.37033679648539264,0.37909873637230274,0.15408646677946108,0.14222580961602113,0.14940736111137465,1.1264017057495213,1.0225442204866242,1.0507070569168218,1.0472149165026452,1.0460377205702904,2.0,2.0,2.0,2.0,2.0
0.1841704236295521,0.20107335706533805,0.22333565470848074,0.08147551130215688,0.11040136836853774,0.9142218250080404,1.1344353869663801,0.9473115023744592,1.017260815945505,1.024824377779664,2.0,2.0,2.0,2.0,2.0
0.21392816252138752,0.1379248607963972,0.06047387538103505,0.11752023281428836,0.11456117715728005,0.513918989121122,0.3685798442035806,0.4049123650928747,0.37330703302623913,0.32419199058738957,0.0,0.0,0.0,0.0,0.0
0.1409554025715205,0.18774313628763745,0.17586554549510036,0.19896579903525435,0.18248920772260957,0.9573717030221466,0.9893530134056543,0.9325135763022091,0.9479143344411685,0.7647889431287922,2.0,2.0,2.0,2.0,2.0
0.12719274251778637,0.23467802189413528,0.17873592841459401,0.14646714095556157,-0.06703011061210885,0.5295725300172706,0.1919828505546902,0.21657065128748554,0.16513255323191037,0.1625688731216826,0.0,0.0,0.0,0.0,0.0
0.12934361330607524,0.09648171595161363,0.029615623310064065,0.06569646394977778,0.10857964985955298,0.9324106161674057,1.010589119133925,0.9900018542171004,0.9487454869956531,1.0468833568995992,2.0,2.0,2.0,2.0,2.0
0.17183361096870498,0.06168210937286698,0.06885784240975054,0.00854516281521886,0.02134342095458147,0.9911316893952371,0.9762377461979053,1.0471574279078664,0.9058109314118072,0.9922005095019807,2.0,2.0,2.0,2.0,2.0
0.17473070236364374,0.05618747040519909,-0.03622349797977656,0.1018655450435278,0.11791455101506465,0.3336087619259754,0.2713785702947996,0.16537900206792405,0.09789881719504706,0.10385979986134572,0.0,0.0,0.0,0.0,0.0
0.21831146807317026,0.33884204860871947,0.2371076195647805,0.2500826581346232,0.25237413956863314,0.2775422002668585,0.15903231228745135,0.07943133001137666,0.12590860686286384,-0.0419060054222042,0.0,0.0,0.0,0.0,0.0
0.7073981007224783,0.7938315247019624,0.7765153672515054,0.8604824879342479,0.7358955627236188,0.28406452156540213,0.11923544950444297,-0.016770762767598285,0.13653105673563942,0.04695408430892246,3.0,3.0,3.0,3.0,3.0
0.20873274050940585,0.22115548842578342,0.2660000838031751,0.2769283517734173,0.3114778229748602,0.1622140682104788,0.17544669998389925,0.18975290399908584,0.06722608777655446,0.1422828923252561,0.0,0.0,0.0,0.0,0.0
0.8918917416655532,0.9719710656447302,1.11634539537256,0.9441657988312826,1.0881023083673516,-0.04189189908232305,0.17859376984754194,0.12162420725887106,0.010274175886738901,-0.06755464281438585,3.0,3.0,3.0,3.0,3.0
1.108487088785018,1.0712722467081723,1.0823982291803735,1.0811264028680614,1.1507591896335512,0.09864716704746594,0.0876240096525405,0.06799739714799642,0.1059744408090762,-0.028989951238022685,3.0,3.0,3.0,3.0,3.0
0.9783702467945012,1.048291606432587,0.8673153460120664,0.9853097882461785,0.8790992931726702,0.3253142433779823,0.30152376215603904,0.16920736017277407,0.19660881654994963,0.16025295584480317,3.0,3.0,3.0,3.0,3.0
0.2357942307873901,0.35382713756728174,0.19919276717520648,0.09616396061767893,0.13865431099553355,0.7253253203848106,0.7758825873270172,0.6480517394848355,0.9161198818721146,0.8219842034441034,2.0,2.0,2.0,2.0,2.0
0.3186912116766511,0.10681484612299602,0.25331847926910045,0.12250954399298129,0.1002981783555906,0.325549057954628,0.35488316538405335,0.22938812156031976,0.3197138080808862,0.2263497921082863,0.0,0.0,0.0,0.0,0.0
0.2352678527711289,0.21679755342595708,0.08051468085334529,0.15601215529883525,-0.035078249345621676,1.0045451964406729,0.9640093910639349,0.9976393196131951,0.8472520580922587,1.0853638874152711,2.0,2.0,2.0,2.0,2.0
0.30603735191332126,0.20821257705161078,0.2163633017230116,0.23885650243234752,0.24744998040331723,1.1740427259229214,1.0586898895508152,0.9383735062167783,0.9436950464434825,1.0097913768215907,2.0,2.0,2.0,2.0,2.0
0.7283399655369867,0.7312001162171634,0.6948620355398012,0.7403522862143677,0.8487594747400055,0.8415459727825981,0.9727271460503413,0.9713218814026665,0.989769400483016,0.8172709123960517,1.0,1.0,1.0,1.0,1.0
0.326872950093292,0.16802736529700454,0.18039204539729523,0.11125257883661915,0.17215252257882602,0.40510375725812175,0.3020429466310666,0.3683842596798003,0.20880299237548766,0.33631344391197504,0.0,0.0,0.0,0.0,0.0
0.05432771488965954,-0.024580724009872185,0.17768682171661435,0.056610948457113154,0.02738941135238604,1.1150400632251858,1.028084590538495,1.0264182724715676,1.0505974529819488,1.0519724095013414,2.0,2.0,2.0,2.0,2.0
0.10382908432049619,0.32088736567692455,0.11459621935314931,0.10838024158780901,0.005566294353288551,1.0797876570195122,1.0224732604154203,1.0053426100246352,1.1134330939314814,1.0346520686482188,2.0,2.0,2.0,2.0,2.0
0.15404355235040298,0.07530042159358742,0.17529324693543374,0.2555249430473902,0.05251286895500536,1.2793932474518332,1.1541779882621757,1.0248364885541383,1.0932206694714464,0.9713153954823209,2.0,2.0,2.0,2.0,2.0
0.3389886722257153,0.1607902788304592,0.22500645611280717,0.14208613194395897,0.2930890859678944,1.268949697836554,1.0883129947369756,1.1009781190044334,1.133790871463954,1.082480056714801,2.0,2.0,2.0,2.0,2.0
0.6726416246967589,0.8355430328507525,0.7463324608430417,0.7000449729860163,0.79103379354841,1.0930122196612289,1.159896251112655,1.063459016729453,1.0676246508373686,0.9942467130437976,1.0,1.0,1.0,1.0,1.0
0.20656647751432075,0.30335612747068885,0.20862091427101204,0.11426160092345203,0.18108942228516856,1.214032889939677,1.1676886231821453,1.14984516397446,1.065644285008651,1.1655320227218886,2.0,2.0,2.0,2.0,2.0
0.8910399227942893,0.8356549520670489,1.0053534865749805,0.8964013470725337,0.8840516885651966,1.2068967474248082,1.0883289362373416,1.0002607764969969,1.0292260104222202,1.055947420681466,1.0,1.0,1.0,1.0,1.0
0.36413060990709756,0.3979869919243624,0.29289419492150687,0.15303249557798307,0.2987161351748676,0.4362250071060404,0.30369824121458644,0.20639109653129187,0.2892711056708527,0.3571424768808408,0.0,0.0,0.0,0.0,0.0
0.8371808134899104,0.9205737653999061,0.8543700478212921,0.8507289495349166,1.0051677430439767,1.1092453165159137,1.106167221063467,1.04341292878624,0.8965503043474027,1.1059087513926986,1.0,1.0,1.0,1.0,1.0
0.3384656768560006,0.3013410304292002,0.14985731994143792,0.07432577208257923,0.15886908606891267,1.1151083638231878,1.1318900001864698,1.0346262518385352,1.0353886974736968,1.100452985389401,2.0,2.0,2.0,2.0,2.0
0.39972771240246074,0.2545277707010383,0.2640324918025829,0.1303009702475469,0.09172489032180026,0.9993015687795448,1.0441036503712413,0.9985216678619043,0.9336357916035036,1.0902241644417605,2.0,2.0,2.0,2.0,2.0
0.8880554907618854,0.9723077276339831,0.9519010611404847,0.9540079490979068,0.9446104232906455,0.4618111957552722,0.3213543468973928,0.30102215239385505,0.36261055210891696,0.29508039477070974,3.0,3.0,3.0,3.0,3.0
1.057181835044348,0.986678538903001,1.0222116256225438,1.0904375690138952,0.9860520912216372,1.0237061311793627,0.8561982271555187,0.9493421490549288,0.9052717834090035,0.8687543523053531,1.0,1.0,1.0,1.0,1.0
1.0363942831149393,0.8633531826571132,0.8143046818163664,0.9141546426364318,0.9953833990224605,0.3091634926384856,0.23055941279911307,0.07559707233455122,0.17500896897804372,0.15338009726706064,3.0,3.0,3.0,3.0,3.0
0.4310416388378655,0.3846622556990576,0.22574938842074635,0.3876652138321185,0.22788367194434414,0.2636086043204259,0.11607435727862463,0.0613778601831072,0.12205121134174683,0.18670459916820392,0.0,0.0,0.0,0.0,0.0
0.9257995408478987,0.8862755260337563,0.9554702399699884,0.9455500076728244,0.8633806121663357,0.2287252762182312,0.07569769879289388,0.22382633925444348,0.00015874809686726443,0.18406726205675522,3.0,3.0,3.0,3.0,3.0
0.21510608744682183,0.2752463260277527,0.31557956402503606,0.21167966257365828,0.14307879328095416,0.32457265050670947,0.1717897427322427,0.1132601195348614,0.18451086215156645,0.2944468015605965,0.0,0.0,0.0,0.0,0.0
0.39118999549007033,0.34958416600069075,0.35293315248207197,0.26441697574086365,0.1905966835947417,0.8759962769054566,0.8932390771587564,0.9155141017496138,0.8047768904537945,1.0009802714816662,2.0,2.0,2.0,2.0,2.0
0.9091391350213187,0.9453350786415415,0.9923712768931027,0.8107431898089927,0.991785503978008,0.892874714453429,0.8827877674993229,0.8782463380854134,0.7916799039311011,0.9285714510715324,1.0,1.0,1.0,1.0,1.0
0.8359796450160581,0.8718172727028042,0.8673820646172582,0.892693417408476,0.9056775148083186,0.3507209508099492,0.26628211465511425,0.1352081335313086,0.16606050007014378,0.16881002681859306,3.0,3.0,3.0,3.0,3.0
0.3406578592500618,0.2189282823513351,-0.03582064668322915,0.2097915353973151,0.22696702193135193,0.3163240311118096,0.1323645902069893,0.10184742604698271,0.21019328872312246,0.038615908785308656,0.0,0.0,0.0,0.0,0.0
0.2367950514076042,0.2338806207358601,0.062433231817992846,0.15433798201676907,0.253461136686032,0.1560719466999083,0.25710285092775903,0.09713239241411849,0.17018587427399662,0.04853223162786343,0.0,0.0,0.0,0.0,0.0
0.966781761818476,0.8239460057947047,0.9494801453316849,0.902600436193908,1.0175041547266395,0.25249268854132706,0.02908069268045302,0.1209979401352434,0.14876907297698722,0.1405774497336377,3.0,3.0,3.0,3.0,3.0
1.039281285609179,1.0291665708218947,1.136002058025314,1.1062218570199185,1.0298358085064496,1.0132830302186926,0.9092223697657593,0.9160750840082539,0.7564819438206576,0.9030983158670209,1.0,1.0,1.0,1.0,1.0
0.8161676261637887,0.9040279791157153,0.8903320144331595,0.989927712298287,1.0217447220318931,0.8172354911822606,0.9438049265686097,0.8648586443997519,0.8305560070065809,0.7583601699163355,1.0,1.0,1.0,1.0,1.0
0.24373406127167127,0.2823403519993788,0.17829110561781245,0.1676345400119443,0.33943919078387974,0.251823337835958,0.08795275230919936,0.20624732805947293,0.1988732553945132,0.1373223069926577,0.0,0.0,0.0,0.0,0.0
0.2067371866339754,0.20517167539360429,0.05663123874805322,0.2491114209708553,0.186211677113221,0.3890137960953418,0.18344199381729626,0.24544291459639145,0.14019150116546572,0.16479579621928425,0.0,0.0,0.0,0.0,0.0
0.22827629456009477,0.14436033352571445,0.11741143043892778,-0.00992141571114849,0.09120610443131594,0.8650245941955641,0.9600876400639313,0.8949953569208191,1.0538142646890976,0.7879496094993459,2.0,2.0,2.0,2.0,2.0
0.1431699731801767,0.030689026193195884,0.20901859596214833,0.20955079618529815,0.14996578618534306,1.1003196883586448,0.9993652682933611,1.0231616868732483,0.9004381285731244,1.0261982229930147,2.0,2.0,2.0,2.0,2.0
0.1434788715597486,-0.06419290298148897,0.003699269220155302,0.13415600421595683,-0.053223171217947965,1.1340407769079592,1.000209896817343,0.9197901449981862,0.9171293813555443,1.0477287958982198,2.0,2.0,2.0,2.0,2.0
0.14912527212412147,0.2511078369510301,0.17629803924248183,0.22666172858573996,0.2071492789920708,0.9796108103396645,0.9944175623338569,0.9665858262830865,0.8747387001025139,0.8732285975681975,2.0,2.0,2.0,2.0,2.0
0.7561027786810557,0.7416989818552446,0.9077711331248983,0.8567838841461699,0.9072132700857394,0.23308016624861677,0.2471866577434778,0.32618660380109155,0.30059399980368834,0.3332018136998055,3.0,3.0,3.0,3.0,3.0
0.272973222234288,0.28242583804408217,0.11182958658499959,0.16942423603696746,0.2714103144028109,0.3946629129484115,0.4657701461946786,0.18802392127734005,0.2558798307993547,0.24265435311877337,0.0,0.0,0.0,0.0,0.0
0.13363973594448594,0.12153358553074678,0.13181424918476037,-0.019474428429885046,0.22442709846334707,0.9445917477806728,1.0212419614394102,0.9480166758286211,1.0540702250859104,1.0555030823313611,2.0,2.0,2.0,2.0,2.0
0.3533751680955013,0.2249536254826099,0.059158002015132966,0.15077976944446994,0.1828005054481028,1.0260460335361137,0.8818088599966895,0.9588176332420608,0.8754962987428037,0.8536082272899839,2.0,2.0,2.0,2.0,2.0
0.6558981939870178,0.7776057630126496,0.8479491560378277,0.8121785022547576,0.7403103046210485,0.38275037230427134,0.2709056679852977,0.31995295181600497,0.10945597926958286,0.20773669595889238,3.0,3.0,3.0,3.0,3.0
0.3097278450878134,0.16102484076046417,0.23011124780680237,0.0983206363165822,0.15878231928696393,0.30804814396884694,0.23854858553273195,0.265346494803999,0.214311540390191,0.1377308224068589,0.0,0.0,0.0,0.0,0.0
0.2898144356860797,0.22199895748940654,0.2985629028597696,0.12840045768480018,0.22024377206391393,0.7840752260806596,1.0494288255560114,0.8108136327162924,0.8104707210097402,0.994592920049997,2.0,2.0,2.0,2.0,2.0
0.7855112325692013,0.7355579913776837,0.9286307935312264,0.7796565085917365,0.8980805985341547,0.3843613062964577,0.3180326859749317,0.2991822506845185,0.29886590986281286,0.18238794944923015,3.0,3.0,3.0,3.0,3.0
0.47905642986282526,0.26083156381033545,0.23807460856823742,0.1539549126582374,0.1790464168124391,0.8395973593513755,0.9250868705185181,0.8993517476482179,0.8433461962058325,1.0023666855704327,2.0,2.0,2.0,2.0,2.0
0.11557514612866808,0.11360590173651647,0.18017012676842853,0.04936084165160051,0.11663699620842177,0.36196861480561504,0.38604920023278333,0.3197627990759411,0.1458685522586963,0.32595789244030077,0.0,0.0,0.0,0.0,0.0
0.12158793020808543,0.16464537737886792,0.09529394607209055,0.15903571483977125,-0.018318191729918623,0.9701419046674339,0.983033025883009,0.9496493004669221,0.9054693834852288,1.0384020583996,2.0,2.0,2.0,2.0,2.0
0.15013487242654255,0.05078632559358543,0.12497487682175755,-0.010445332663927998,0.10128403153500437,1.0880063940524332,1.1527542073658728,1.0095949262448514,1.0980595959484503,1.0896995073797693,2.0,2.0,2.0,2.0,2.0
0.31125081859197024,0.16684267627395516,0.22442003069942584,0.12934016436693743,0.15668868965909066,0.9679185818278616,1.0845885244331488,1.0479902177196996,0.9723309868544895,1.0947421109529951,2.0,2.0,2.0,2.0,2.0
0.7740567355125165,0.9946530142007515,0.8810693881521167,0.9164939590454226,0.9340784804479936,1.1505596530517244,1.0128121999061013,1.1700712122525043,1.126863367453344,1.1448406530143926,1.0,1.0,1.0,1.0,1.0
0.9269790874783352,0.8074685865556885,0.9436238852811565,0.9848673818327941,1.0117093622111748,0.9693414990997206,0.991530427336998,0.9996222803292222,0.9779822064939785,0.9684004238736396,1.0,1.0,1.0,1.0,1.0
0.8380780286778639,0.8114147464967082,0.8298945153821586,0.9185499858098992,0.8854497055363723,0.4132498603711939,0.26212510856583854,0.22632264249479409,0.27744780510013034,0.2555418176038063,3.0,3.0,3.0,3.0,3.0
0.20698955591015716,0.2732957132528385,0.13966093819085534,0.21448788142650915,0.2537057460336807,0.4067038917343615,0.18504160454548263,0.24515709062940533,0.3175848642930793,0.2760530368005508,0.0,0.0,0.0,0.0,0.0
